Unnamed: 0,title,score,id,subreddit,url,num_comments,body,created,source_file
0.0,64,0.020513354506169625,598,0,30,0.11187214611872145,0,598,0
0.001652892561983471,264,0.04722236684542094,597,0,301,0.10730593607305935,0,597,0
0.003305785123966942,593,0.0022387671161555683,603,0,312,0.0091324200913242,0,603,0
0.004958677685950413,424,0.005492789087311918,599,0,415,0.028538812785388126,0,599,0
0.006611570247933884,352,0.10181183943353986,590,0,217,0.1689497716894977,0,590,0
0.008264462809917356,86,0.009736033737699799,593,0,576,0.045662100456621,0,593,0
0.009917355371900825,285,0.007991877961159995,596,0,543,0.03424657534246575,0,596,0
0.011570247933884297,406,0.010985578174623836,592,0,138,0.02968036529680365,0,592,0
0.013223140495867768,477,0.00041651481230801273,601,0,326,0.003424657534246575,0,601,0
0.01487603305785124,584,0.16048836361743116,586,0,14,0.39383561643835613,0,586,0
0.01652892561983471,249,0.00013016087884625398,604,0,578,0.003424657534246575,0,604,0
0.01818181818181818,575,0.009267454573853284,591,0,550,0.026255707762557076,0,591,0
0.01983471074380165,221,0.0004425469880772635,600,0,250,0.01141552511415525,0,600,0
0.021487603305785124,32,7.809652730775239e-05,602,0,492,0.00228310502283105,0,602,0
0.023140495867768594,96,0.0012495444369240382,595,0,343,0.0136986301369863,0,595,0
0.024793388429752067,155,0.0196282605300151,589,0,5,0.06621004566210045,0,589,0
0.026446280991735537,534,0.0440724735773416,584,0,570,0.10273972602739725,0,584,0
0.028099173553719006,156,0.1319570989743323,578,0,297,0.3710045662100457,0,578,0
0.02975206611570248,348,0.0006768365700005207,594,0,348,0.005707762557077625,0,594,0
0.03140495867768595,543,0.0,605,0,378,0.00228310502283105,0,605,0
0.03305785123966942,547,0.01738949341385953,585,0,140,0.1050228310502283,0,585,0
0.03471074380165289,117,0.029390326443484147,583,0,567,0.06963470319634703,0,583,0
0.03636363636363636,600,0.007419170094236476,587,0,27,0.045662100456621,0,587,0
0.03801652892561983,345,0.027958556776175352,579,0,354,0.05593607305936073,0,579,0
0.0396694214876033,52,0.003332118498464102,588,0,79,0.010273972602739725,0,588,0
0.04132231404958678,396,0.011740511271932109,577,0,407,0.026255707762557076,0,577,0
0.04297520661157025,527,0.027984588951944604,575,0,313,0.04452054794520548,0,575,0
0.04462809917355372,97,0.11912323632009164,569,0,123,0.3481735159817351,0,569,0
0.04628099173553719,537,0.0033581506742333526,581,0,183,0.02054794520547945,0,581,0
0.04793388429752066,455,0.012469412193471132,576,0,171,0.05136986301369863,0,576,0
0.049586776859504134,213,0.0013016087884625397,582,0,366,0.0136986301369863,0,582,0
0.0512396694214876,558,0.03384182850002604,571,0,526,0.10844748858447488,0,571,0
0.05289256198347107,282,0.0008590618003852762,580,0,327,0.0091324200913242,0,580,0
0.05454545454545454,281,0.048732233040037494,564,0,344,0.2910958904109589,0,564,0
0.05619834710743801,336,0.010569063362315823,568,0,338,0.0365296803652968,0,568,0
0.05785123966942149,255,0.010022387671161558,567,0,565,0.017123287671232876,0,567,0
0.05950413223140496,233,0.16436715780704952,560,0,158,0.13356164383561642,0,560,0
0.06115702479338843,280,0.002915603686156089,570,0,264,0.026255707762557076,4,570,0
0.0628099173553719,595,0.0017441557765398032,574,0,245,0.012557077625570776,0,574,0
0.06446280991735537,271,0.01775394387462904,563,0,517,0.0502283105022831,0,563,0
0.06611570247933884,449,0.0012235122611547874,573,0,328,0.001141552511415525,0,573,0
0.06776859504132231,553,0.0010933513823085334,572,0,52,0.007990867579908675,0,572,0
0.06942148760330578,20,0.1276617899724059,550,0,463,0.2271689497716895,0,550,0
0.07107438016528926,502,0.01832665174155256,559,0,90,0.04223744292237443,0,559,0
0.07272727272727272,568,0.005935336075389181,561,0,269,0.0319634703196347,0,561,0
0.0743801652892562,548,0.005284531681157911,562,0,263,0.0228310502283105,0,562,0
0.07603305785123966,169,0.02816681418232936,553,0,278,0.08333333333333333,0,553,0
0.07768595041322314,202,0.006065496954235435,558,0,391,0.023972602739726026,0,558,0
0.0793388429752066,560,0.04430676315926486,547,0,104,0.1769406392694064,8,547,0
0.08099173553719008,124,0.10618524496277398,544,0,532,0.2488584474885845,0,544,0
0.08264462809917356,83,0.04008955068464623,546,0,105,0.136986301369863,0,546,0
0.08429752066115702,247,0.0213724163065549,548,0,468,0.0502283105022831,0,548,0
0.0859504132231405,239,0.007887749258082992,555,0,298,0.021689497716894976,0,555,0
0.08760330578512396,304,0.0030717967407715937,556,0,388,0.02511415525114155,0,556,0
0.08925619834710743,496,0.00013016087884625398,565,0,0,0.001141552511415525,0,565,0
0.09090909090909091,152,0.00010412870307700318,566,0,4,0.0,0,566,0
0.09256198347107437,14,0.0017701879523090542,557,0,321,0.00228310502283105,0,557,0
0.09421487603305785,240,0.004061019420003123,554,0,190,0.00684931506849315,10,554,0
0.09586776859504131,420,0.00393085854115687,551,0,347,0.01598173515981735,0,551,0
0.09752066115702479,349,0.0029676680376945906,549,0,100,0.01598173515981735,0,549,0
0.09917355371900827,539,0.0015619305461550478,552,0,462,0.0091324200913242,0,552,0
0.10082644628099173,458,0.11196438798354767,533,0,35,0.2146118721461187,0,533,0
0.1024793388429752,272,0.007158848336543969,543,0,58,0.03881278538812785,0,543,0
0.10413223140495867,133,0.1624928411516635,528,0,85,0.6232876712328766,0,528,0
0.10578512396694215,25,0.005727078669235174,542,0,602,0.012557077625570776,12,542,0
0.10743801652892562,491,0.0057531108450044255,540,0,144,0.030821917808219176,0,540,0
0.10909090909090909,19,0.0016920914250013017,545,0,485,0.0136986301369863,0,545,0
0.11074380165289256,565,0.008122038840006248,539,0,26,0.06963470319634703,0,539,0
0.11239669421487603,323,0.01741552558962878,534,0,486,0.05365296803652968,0,534,0
0.1140495867768595,371,0.05102306450773156,530,0,519,0.18036529680365299,0,530,0
0.11570247933884298,559,0.006403915239235695,536,0,81,0.017123287671232876,0,536,0
0.11735537190082644,298,0.006846462227312959,532,0,218,0.0319634703196347,0,532,0
0.11900826446280992,429,0.0011454157338470351,541,0,212,0.0091324200913242,0,541,0
0.12066115702479338,286,0.004529598583849638,535,0,471,0.021689497716894976,0,535,0
0.12231404958677686,287,0.02590201489040454,526,0,17,0.14269406392694062,0,526,0
0.12396694214876033,135,0.008043942312698496,531,0,535,0.012557077625570776,0,531,0
0.1256198347107438,435,0.0024730566980788256,538,0,116,0.007990867579908675,0,538,0
0.12727272727272726,88,0.014812308012703702,529,0,77,0.026255707762557076,0,529,0
0.12892561983471074,215,0.03087416046233144,522,0,319,0.08447488584474885,0,522,0
0.1305785123966942,210,0.001666059249232051,537,0,403,0.010273972602739725,0,537,0
0.1322314049586777,434,0.019550164002707347,524,0,564,0.010273972602739725,0,524,0
0.13388429752066117,452,0.0065601082938512,525,0,86,0.0182648401826484,0,525,0
0.13553719008264462,378,0.1564013120216588,511,0,337,0.2990867579908676,0,511,0
0.1371900826446281,235,0.0023949601707710733,527,0,584,0.017123287671232876,0,527,0
0.13884297520661157,295,0.005675014317696673,523,0,368,0.03995433789954338,0,523,0
0.14049586776859505,467,0.007002655281928463,518,0,316,0.0365296803652968,0,518,0
0.14214876033057852,299,0.01567136981308898,514,0,498,0.0730593607305936,0,514,0
0.14380165289256197,430,0.004555630759618889,521,0,411,0.01141552511415525,0,521,0
0.14545454545454545,99,0.11011610350393086,508,0,194,0.4417808219178082,0,508,0
0.14710743801652892,5,0.018899359608476076,513,0,24,0.0867579908675799,0,513,0
0.1487603305785124,62,0.002551153225386578,520,0,94,0.01141552511415525,0,520,0
0.15041322314049588,277,0.0029937002134638414,519,0,110,0.0228310502283105,0,519,0
0.15206611570247933,166,0.003019732389233092,516,0,236,0.026255707762557076,0,516,0
0.1537190082644628,109,0.0014578018430780445,517,0,83,0.005707762557077625,0,517,0
0.15537190082644628,390,0.0014838340188472953,515,0,29,0.012557077625570776,0,515,0
0.15702479338842976,410,0.07005258499505389,503,0,40,0.1187214611872146,0,503,0
0.1586776859504132,399,0.0030717967407715937,510,0,375,0.03538812785388128,0,510,0
0.16033057851239668,546,0.009657937210392046,507,0,437,0.03881278538812785,0,507,0
0.16198347107438016,84,0.04802936429426772,502,0,32,0.17465753424657532,0,502,0
0.16363636363636364,551,0.0007809652730775239,512,0,398,0.00228310502283105,0,512,0
0.1652892561983471,533,0.19568386525745823,497,0,61,0.3664383561643835,0,497,0
0.16694214876033056,603,0.0024730566980788256,506,0,394,0.007990867579908675,0,506,0
0.16859504132231404,363,0.0004685791638465144,509,0,3,0.00228310502283105,0,509,0
0.17024793388429751,439,0.02592804706617379,500,0,178,0.028538812785388126,0,500,0
0.171900826446281,313,0.007002655281928463,504,0,192,0.0045662100456621,0,504,0
0.17355371900826447,37,0.011740511271932109,499,0,353,0.10159817351598173,7,499,0
0.17520661157024792,278,0.0014317696673087938,505,0,2,0.00684931506849315,0,505,0
0.1768595041322314,197,0.0032279897953870988,501,0,9,0.014840182648401826,0,501,0
0.17851239669421487,163,0.03480501900348831,494,0,588,0.06506849315068493,0,494,0
0.18016528925619835,321,0.0032800541469256003,498,0,484,0.0228310502283105,0,498,0
0.18181818181818182,33,0.14973707502473058,485,0,136,0.5707762557077625,0,485,0
0.18347107438016527,15,0.004373405529234133,495,0,420,0.02511415525114155,0,495,0
0.18512396694214875,602,0.06349247670120269,486,0,125,0.2077625570776256,0,486,0
0.18677685950413223,103,0.0015879627219242986,496,0,67,0.005707762557077625,0,496,0
0.1884297520661157,176,0.029676680376945905,487,0,225,0.17009132420091322,0,487,0
0.19008264462809918,74,0.1895663039516843,482,0,315,0.6107305936073059,0,482,0
0.19173553719008263,481,0.016556463789243504,488,0,121,0.06278538812785388,0,488,0
0.1933884297520661,409,0.01244338001770188,489,0,460,0.04452054794520548,0,489,0
0.19504132231404958,21,0.0016139948976935494,493,0,80,0.007990867579908675,0,493,0
0.19669421487603306,297,0.0036445046076951115,490,0,598,0.0091324200913242,0,490,0
0.19834710743801653,431,0.0010673192065392826,492,0,238,0.0,0,492,0
0.19999999999999998,544,0.0018482844796168065,491,0,494,0.0136986301369863,2,491,0
0.20165289256198346,68,0.03006716301348467,481,0,38,0.0684931506849315,0,481,0
0.20330578512396694,302,0.11235487062008642,474,0,214,0.17123287671232879,0,474,0
0.2049586776859504,528,0.005779143020773676,483,0,174,0.026255707762557076,0,483,0
0.2066115702479339,141,0.0015879627219242986,484,0,376,0.01598173515981735,0,484,0
0.20826446280991734,563,0.03936064976310721,476,0,268,0.07191780821917808,0,476,0
0.20991735537190082,305,0.018170458686937053,480,0,209,0.13812785388127852,6,480,0
0.2115702479338843,590,0.01574946634039673,479,0,41,0.0730593607305936,0,479,0
0.21322314049586777,476,0.012990055708856148,477,0,569,0.045662100456621,0,477,0
0.21487603305785125,369,0.0027594106315405845,478,0,330,0.028538812785388126,0,478,0
0.2165289256198347,567,0.18891549955745304,466,0,533,0.49429223744292233,0,466,0
0.21818181818181817,3,0.003175925443848597,475,0,231,0.005707762557077625,0,475,0
0.21983471074380165,343,0.03261831623887125,471,0,409,0.1643835616438356,0,471,0
0.22148760330578512,76,0.005284531681157911,473,0,279,0.0228310502283105,0,473,0
0.2231404958677686,324,0.005024209923465403,472,0,208,0.028538812785388126,0,472,0
0.22479338842975205,308,0.0539126360181184,464,0,441,0.15182648401826482,0,464,0
0.22644628099173553,329,0.005622949966158171,468,0,323,0.03767123287671233,0,468,0
0.228099173553719,575,0.06945384495236112,460,0,290,0.2271689497716895,0,460,0
0.22975206611570248,148,0.005622949966158171,467,0,419,0.0365296803652968,0,467,0
0.23140495867768596,204,0.0031238610923100957,469,0,390,0.0136986301369863,0,469,0
0.2330578512396694,256,0.002056541885770813,470,0,306,0.014840182648401826,0,470,0
0.23471074380165288,484,0.017910136929244546,462,0,336,0.06050228310502283,0,462,0
0.23636363636363636,525,0.005466756911542667,463,0,506,0.04680365296803653,0,463,0
0.23801652892561984,401,0.0013797053157702922,465,0,120,0.010273972602739725,0,465,0
0.2396694214876033,466,0.039933357630030725,456,0,163,0.06621004566210045,0,456,0
0.24132231404958676,194,0.11118342271047015,449,0,198,0.2557077625570776,0,449,0
0.24297520661157024,85,0.005831207372312178,458,0,281,0.0136986301369863,0,458,0
0.24462809917355371,40,0.009944291143853805,455,0,495,0.0821917808219178,0,455,0
0.2462809917355372,219,0.0013536731400010415,461,0,392,0.01141552511415525,0,461,0
0.24793388429752067,283,0.14476492945280367,445,0,525,0.5091324200913241,0,445,0
0.24958677685950412,503,0.003019732389233092,457,0,156,0.021689497716894976,0,457,0
0.2512396694214876,50,0.007289009215390222,453,0,360,0.05136986301369863,0,453,0
0.25289256198347104,7,0.0011454157338470351,459,0,585,0.019406392694063926,0,459,0
0.2545454545454545,493,0.0409486124850315,446,0,267,0.21118721461187212,0,446,0
0.256198347107438,106,0.0036184724319258607,452,0,204,0.021689497716894976,0,452,0
0.2578512396694215,554,0.00525849950538866,450,0,507,0.03538812785388128,0,450,0
0.25950413223140495,220,0.015853595043473733,447,0,496,0.1267123287671233,0,447,0
0.2611570247933884,31,0.0019784453584630606,451,0,222,0.04680365296803653,0,451,0
0.2628099173553719,116,0.0007809652730775239,454,0,207,0.0045662100456621,0,454,0
0.2644628099173554,211,0.1602540740355079,435,0,146,0.49429223744292233,0,435,0
0.26611570247933886,206,0.036861560889259126,439,0,258,0.12100456621004566,0,439,0
0.26776859504132233,443,0.1113135835893164,434,0,98,0.4509132420091324,0,434,0
0.26942148760330575,125,0.010881449471546832,444,0,92,0.03767123287671233,0,444,0
0.27107438016528923,232,0.0020044775342323113,448,0,201,0.017123287671232876,5,448,0
0.2727272727272727,190,0.008356328421929507,441,0,309,0.023972602739726026,0,441,0
0.2743801652892562,269,0.010933513823085335,438,0,237,0.08105022831050228,0,438,0
0.27603305785123966,464,0.07744572291352111,432,0,50,0.17465753424657532,0,432,0
0.27768595041322314,403,0.005440724735773416,437,0,480,0.04337899543378995,0,437,0
0.2793388429752066,288,0.0013797053157702922,443,0,346,0.003424657534246575,0,443,0
0.2809917355371901,150,0.002134638413078565,440,0,23,0.014840182648401826,0,440,0
0.28264462809917357,260,0.00359244025615661,436,0,219,0.017123287671232876,0,436,0
0.28429752066115704,330,0.014473889727703443,433,0,6,0.04680365296803653,0,433,0
0.28595041322314046,523,0.0007809652730775239,442,0,57,0.014840182648401826,0,442,0
0.28760330578512394,122,0.11678034050085906,426,0,349,0.271689497716895,0,426,0
0.2892561983471074,414,0.00879887541000677,431,0,63,0.030821917808219176,0,431,0
0.2909090909090909,244,0.00853855365231426,429,0,383,0.05365296803652968,0,429,0
0.29256198347107437,252,0.014838340188472954,427,0,418,0.033105022831050226,0,427,0
0.29421487603305785,367,0.08791065757275993,422,0,412,0.2671232876712329,0,422,0
0.2958677685950413,65,0.0022908314676940702,430,0,422,0.01598173515981735,0,430,0
0.2975206611570248,24,0.003566408080387359,428,0,91,0.0136986301369863,0,428,0
0.2991735537190083,186,0.11386473681470298,415,0,274,0.3059360730593607,0,415,0
0.30082644628099175,113,0.007809652730775238,423,0,530,0.014840182648401826,0,423,0
0.3024793388429752,131,0.007965845785390745,421,0,247,0.028538812785388126,0,421,0
0.30413223140495865,82,0.00294163586192534,424,0,594,0.0365296803652968,0,424,0
0.30578512396694213,507,0.0017701879523090542,425,0,469,0.012557077625570776,0,425,0
0.3074380165289256,108,0.13685114801895143,409,0,133,0.24771689497716892,0,409,0
0.3090909090909091,246,0.007939813609621493,420,0,216,0.0273972602739726,0,420,0
0.31074380165289256,601,0.03415421460925704,413,0,427,0.13013698630136988,0,413,0
0.31239669421487604,444,0.007679491851928984,416,0,596,0.05136986301369863,0,416,0
0.3140495867768595,316,0.00395689071692612,418,0,128,0.021689497716894976,0,418,0
0.315702479338843,57,0.1502577185401156,404,0,134,0.2100456621004566,0,404,0
0.3173553719008264,386,0.04113083771541626,406,0,331,0.02054794520547945,0,406,0
0.3190082644628099,2,0.0016400270734628001,419,0,271,0.012557077625570776,0,419,0
0.32066115702479336,41,0.009605872858853544,412,0,452,0.06963470319634703,0,412,0
0.32231404958677684,267,0.011636382568855106,410,0,53,0.02968036529680365,0,410,0
0.3239669421487603,28,0.0010933513823085334,417,0,132,0.003424657534246575,0,417,0
0.3256198347107438,162,0.0013016087884625397,414,0,229,0.00684931506849315,9,414,0
0.32727272727272727,29,0.006768365700005207,407,0,249,0.03995433789954338,0,407,0
0.32892561983471075,9,0.0023689279950018225,411,0,283,0.00684931506849315,0,411,0
0.3305785123966942,450,0.03688759306502838,397,0,211,0.1232876712328767,0,397,0
0.3322314049586777,192,0.008122038840006248,401,0,118,0.07077625570776255,0,401,0
0.3338842975206611,359,0.0021867027646170667,408,0,466,0.007990867579908675,0,408,0
0.3355371900826446,581,0.0058572395480814285,402,0,432,0.019406392694063926,0,402,0
0.3371900826446281,51,0.015202790649242464,396,0,590,0.06506849315068493,0,396,0
0.33884297520661155,417,0.0006768365700005207,405,0,130,0.0045662100456621,0,405,0
0.34049586776859503,182,0.0019524131826938098,400,0,73,0.012557077625570776,0,400,0
0.3421487603305785,212,0.0010933513823085334,403,0,553,0.01598173515981735,0,403,0
0.343801652892562,137,0.0013016087884625397,399,0,490,0.007990867579908675,0,399,0
0.34545454545454546,441,0.001275576612693289,398,0,457,0.01141552511415525,0,398,0
0.34710743801652894,143,0.005232467329619409,393,0,188,0.023972602739726026,0,393,0
0.3487603305785124,245,0.003019732389233092,395,0,444,0.014840182648401826,0,395,0
0.35041322314049583,461,0.0035403759046181084,394,0,601,0.00684931506849315,0,394,0
0.3520661157024793,132,0.002915603686156089,391,0,253,0.019406392694063926,0,391,0
0.3537190082644628,138,0.011141771229239341,388,0,582,0.0776255707762557,0,388,0
0.35537190082644626,228,0.0011454157338470351,392,0,513,0.02054794520547945,0,392,0
0.35702479338842974,296,0.003826729838079867,390,0,22,0.0136986301369863,11,390,0
0.3586776859504132,36,0.2671682199198209,383,0,557,0.639269406392694,0,383,0
0.3603305785123967,23,0.0018482844796168065,389,0,223,0.0091324200913242,0,389,0
0.36198347107438017,361,0.019185713541937835,386,0,193,0.0547945205479452,0,386,0
0.36363636363636365,53,0.009866194616546052,387,0,473,0.0228310502283105,0,387,0
0.3652892561983471,12,0.0773415942104441,381,0,76,0.09360730593607305,0,381,0
0.36694214876033054,383,0.010074452022700058,385,0,579,0.0547945205479452,0,385,0
0.368595041322314,499,0.012183058260009373,380,0,234,0.07990867579908675,0,380,0
0.3702479338842975,153,0.0049721455719269015,384,0,583,0.0319634703196347,0,384,0
0.371900826446281,70,0.01832665174155256,378,0,453,0.1050228310502283,0,378,0
0.37355371900826445,10,0.0021867027646170667,382,0,509,0.0045662100456621,0,382,0
0.3752066115702479,488,0.020148904045400113,371,0,111,0.06963470319634703,0,371,0
0.3768595041322314,564,0.003175925443848597,379,0,548,0.0136986301369863,0,379,0
0.3785123966942149,516,0.008278231894621754,377,0,101,0.09246575342465753,0,377,0
0.38016528925619836,77,0.007653459676159734,372,0,416,0.05821917808219178,0,372,0
0.38181818181818183,200,0.004685791638465143,376,0,51,0.02511415525114155,0,376,0
0.38347107438016526,356,0.005805175196542927,373,0,516,0.0091324200913242,0,373,0
0.38512396694214873,112,0.021164158900400895,366,0,573,0.04337899543378995,0,366,0
0.3867768595041322,165,0.0027854428073098353,375,0,447,0.0136986301369863,0,375,0
0.3884297520661157,504,0.050190034883115534,365,0,605,0.2568493150684931,0,365,0
0.39008264462809916,236,0.0019263810069245588,374,0,491,0.00684931506849315,0,374,0
0.39173553719008264,339,0.003019732389233092,370,0,106,0.014840182648401826,0,370,0
0.3933884297520661,35,0.04014161503618473,364,0,501,0.09246575342465753,0,364,0
0.3950413223140496,354,0.0016920914250013017,368,0,308,0.00684931506849315,0,368,0
0.39669421487603307,290,0.0017441557765398032,367,0,122,0.012557077625570776,0,367,0
0.39834710743801655,357,0.0008850939761545271,369,0,440,0.01141552511415525,0,369,0
0.39999999999999997,110,0.02720362367886708,357,0,333,0.16210045662100458,0,357,0
0.40165289256198344,437,0.03209767272348623,356,0,528,0.08447488584474885,0,356,0
0.4033057851239669,569,0.005050242099234654,363,0,442,0.0365296803652968,0,363,0
0.4049586776859504,514,0.00395689071692612,362,0,28,0.010273972602739725,0,362,0
0.4066115702479339,309,0.0028635393346175876,361,0,464,0.0182648401826484,0,361,0
0.40826446280991735,393,0.004607695111157391,358,0,413,0.023972602739726026,0,358,0
0.4099173553719008,557,0.0027594106315405845,359,0,381,0.03995433789954338,0,359,0
0.4115702479338843,80,0.018534909147706564,352,0,13,0.05136986301369863,0,352,0
0.4132231404958678,413,0.0016400270734628001,360,0,147,0.0091324200913242,0,360,0
0.41487603305785126,524,0.006716301348466705,354,0,186,0.05365296803652968,0,354,0
0.4165289256198347,231,0.006039464778466184,350,0,329,0.03538812785388128,0,350,0
0.41818181818181815,394,0.0010412870307700318,355,0,540,0.003424657534246575,0,355,0
0.41983471074380163,95,0.04461914926849587,338,0,71,0.1095890410958904,0,338,0
0.4214876033057851,475,0.0033841828500026034,351,0,458,0.005707762557077625,0,351,0
0.4231404958677686,442,0.006039464778466184,348,0,592,0.04908675799086758,0,348,0
0.42479338842975206,292,0.009085229343468528,346,0,522,0.0182648401826484,0,346,0
0.42644628099173554,17,0.010881449471546832,339,0,99,0.03538812785388128,0,339,0
0.428099173553719,262,0.008903004113083772,342,0,8,0.0502283105022831,0,342,0
0.4297520661157025,545,0.0010933513823085334,353,0,284,0.003424657534246575,0,353,0
0.4314049586776859,425,0.016400270734628,337,0,600,0.045662100456621,0,337,0
0.4330578512396694,315,0.0035403759046181084,344,0,481,0.012557077625570776,0,344,0
0.43471074380165287,374,0.0028895715103868383,345,0,335,0.00684931506849315,0,345,0
0.43636363636363634,114,0.00393085854115687,340,0,465,0.01598173515981735,0,340,0
0.4380165289256198,362,0.0013536731400010415,349,0,60,0.00684931506849315,0,349,0
0.4396694214876033,238,0.0033581506742333526,341,0,586,0.023972602739726026,0,341,0
0.4413223140495868,591,0.073697089602749,329,0,568,0.10730593607305935,0,329,0
0.44297520661157025,342,0.0009631905034622795,343,0,467,0.005707762557077625,0,343,0
0.4446280991735537,93,0.0006768365700005207,347,0,580,0.005707762557077625,0,347,0
0.4462809917355372,75,0.025537564429635028,328,0,512,0.09018264840182648,0,328,0
0.4479338842975206,542,0.0016139948976935494,334,0,180,0.003424657534246575,0,334,0
0.4495867768595041,438,0.002915603686156089,333,0,54,0.02511415525114155,0,333,0
0.4512396694214876,428,0.01710313948039777,327,0,529,0.06621004566210045,0,327,0
0.45289256198347105,177,0.15236632477742493,320,0,405,0.2728310502283105,0,320,0
0.45454545454545453,205,0.0006768365700005207,335,0,177,0.0045662100456621,0,335,0
0.456198347107438,254,0.0006247722184620191,336,0,1,0.003424657534246575,0,336,0
0.4578512396694215,257,0.0027594106315405845,331,0,435,0.019406392694063926,0,331,0
0.45950413223140496,4,0.0017701879523090542,332,0,544,0.019406392694063926,0,332,0
0.46115702479338844,457,0.019420003123861093,323,0,31,0.11187214611872145,0,323,0
0.4628099173553719,384,0.003514343728848857,330,0,289,0.01141552511415525,0,330,0
0.46446280991735533,351,0.004008955068464622,321,0,240,0.017123287671232876,0,321,0
0.4661157024793388,89,0.001900348831155308,325,0,434,0.007990867579908675,0,325,0
0.4677685950413223,469,0.0010933513823085334,326,0,55,0.00684931506849315,0,326,0
0.46942148760330576,596,0.00262924975269433,324,0,39,0.014840182648401826,0,324,0
0.47107438016528924,585,0.0010412870307700318,322,0,108,0.014840182648401826,0,322,0
0.4727272727272727,195,0.10397251002238768,305,0,377,0.3675799086757991,0,305,0
0.4743801652892562,471,0.04279689696464831,313,0,117,0.1780821917808219,0,313,0
0.47603305785123967,453,0.00846045712500651,319,0,448,0.05136986301369863,0,319,0
0.47768595041322315,489,0.019498099651168846,310,0,49,0.07420091324200913,0,310,0
0.4793388429752066,217,0.009944291143853805,314,0,436,0.04452054794520548,0,314,0
0.48099173553719005,226,0.02423595564117249,304,0,184,0.15753424657534248,0,304,0
0.4826446280991735,126,0.005805175196542927,317,0,371,0.0228310502283105,0,317,0
0.484297520661157,353,0.0049200812203884,315,0,587,0.026255707762557076,0,315,0
0.4859504132231405,242,0.010673192065392826,308,0,317,0.09360730593607305,0,308,0
0.48760330578512395,78,0.001900348831155308,318,0,581,0.021689497716894976,0,318,0
0.48925619834710743,463,0.10084864893007758,297,0,102,0.2796803652968037,0,297,0
0.4909090909090909,227,0.00294163586192534,309,0,37,0.0273972602739726,0,309,0
0.4925619834710744,16,0.017129171656167022,299,0,461,0.06506849315068493,0,299,0
0.49421487603305786,71,0.006768365700005207,302,0,200,0.026255707762557076,0,302,0
0.49586776859504134,540,0.0013797053157702922,316,0,552,0.0136986301369863,0,316,0
0.49752066115702476,451,0.0017441557765398032,311,0,135,0.01598173515981735,0,311,0
0.49917355371900823,250,0.004451502056541885,303,0,515,0.0091324200913242,0,303,0
0.5008264462809917,140,0.07786223772582912,291,0,12,0.2180365296803653,0,291,0
0.5024793388429752,55,0.07312438173582549,288,0,339,0.17922374429223742,0,288,0
0.5041322314049587,535,0.0016920914250013017,306,0,425,0.014840182648401826,0,306,0
0.5057851239669421,454,0.014890404540011455,296,0,593,0.06050228310502283,0,296,0
0.5074380165289256,274,0.0007028687457697715,312,0,159,0.0182648401826484,0,312,0
0.509090909090909,508,0.0022127349403863175,301,0,575,0.01598173515981735,0,301,0
0.5107438016528926,263,0.00913729369500703,292,0,88,0.04794520547945205,0,292,0
0.512396694214876,446,0.12281980527932525,285,0,549,0.3641552511415525,0,285,0
0.5140495867768595,198,0.007028687457697714,293,0,424,0.05251141552511415,0,293,0
0.515702479338843,328,0.0011714479096162859,300,0,68,0.005707762557077625,0,300,0
0.5173553719008265,501,0.005336596032696412,295,0,74,0.014840182648401826,0,295,0
0.5190082644628099,160,0.06336231582235644,286,0,232,0.2009132420091324,0,286,0
0.5206611570247934,158,0.5091893580465455,283,0,179,0.3984018264840183,0,283,0
0.5223140495867769,320,0.0026813141042328317,294,0,11,0.019406392694063926,0,294,0
0.5239669421487603,478,0.0010673192065392826,298,0,170,0.005707762557077625,0,298,0
0.5256198347107438,513,0.00525849950538866,290,0,367,0.04452054794520548,0,290,0
0.5272727272727272,172,0.00018222523038475557,307,0,400,0.010273972602739725,0,307,0
0.5289256198347108,365,0.0057531108450044255,289,0,175,0.012557077625570776,0,289,0
0.5305785123966942,268,0.011323996459624097,284,0,64,0.0547945205479452,0,284,0
0.5322314049586777,173,0.0022647992919248195,287,0,310,0.0091324200913242,0,287,0
0.5338842975206611,187,0.053157702920810124,277,0,488,0.1598173515981735,0,277,0
0.5355371900826447,582,0.08080387358775447,265,0,363,0.273972602739726,0,265,0
0.5371900826446281,426,0.0065601082938512,282,0,384,0.03538812785388128,0,282,0
0.5388429752066115,144,0.02621440099963555,269,0,294,0.09474885844748858,0,269,0
0.540495867768595,462,0.015931691570781486,275,0,478,0.05251141552511415,0,275,0
0.5421487603305785,39,0.01210496173270162,273,0,563,0.03767123287671233,0,273,0
0.543801652892562,18,0.011245899932316344,267,0,259,0.06278538812785388,0,267,0
0.5454545454545454,486,0.001535898370385797,281,0,505,0.0045662100456621,0,281,0
0.547107438016529,149,0.005466756911542667,268,0,66,0.026255707762557076,0,268,0
0.5487603305785124,480,0.0392044567084917,262,0,243,0.16210045662100458,0,262,0
0.5504132231404959,490,0.016452335086166503,264,0,396,0.0730593607305936,0,264,0
0.5520661157024793,196,0.019654292705784348,263,0,430,0.18036529680365299,0,263,0
0.5537190082644627,183,0.001796220128078305,279,0,36,0.007990867579908675,0,279,0
0.5553719008264463,326,0.001405737491539543,280,0,508,0.007990867579908675,0,280,0
0.5570247933884297,26,0.0030717967407715937,271,0,251,0.0136986301369863,0,271,0
0.5586776859504132,350,0.002316863643463321,272,0,482,0.019406392694063926,0,272,0
0.5603305785123966,421,0.0014578018430780445,276,0,560,0.00228310502283105,0,276,0
0.5619834710743802,164,0.001275576612693289,278,0,414,0.01141552511415525,0,278,0
0.5636363636363636,549,0.002160670588847816,270,0,42,0.012557077625570776,0,270,0
0.5652892561983471,319,0.0013276409642317905,274,0,604,0.005707762557077625,0,274,0
0.5669421487603306,604,0.06122767740927788,260,0,47,0.0593607305936073,0,260,0
0.5685950413223141,273,0.0020044775342323113,266,0,300,0.010273972602739725,0,266,0
0.5702479338842975,495,0.04016764721195398,259,0,169,0.1952054794520548,0,259,0
0.5719008264462809,44,0.46136825115843183,254,0,265,1.0,0,254,0
0.5735537190082645,139,0.023402926016556466,257,0,89,0.06278538812785388,0,257,0
0.5752066115702479,529,0.008981100640391525,258,0,325,0.021689497716894976,0,258,0
0.5768595041322314,448,0.019914614463476858,256,0,489,0.1050228310502283,0,256,0
0.5785123966942148,519,0.0020825740615400636,261,0,119,0.005707762557077625,0,261,0
0.5801652892561984,468,0.008642682355391264,252,0,511,0.02054794520547945,0,252,0
0.5818181818181818,317,0.025121049617327015,250,0,369,0.06735159817351598,0,250,0
0.5834710743801653,381,0.9122195033060864,239,0,561,0.7499999999999999,0,239,0
0.5851239669421487,101,0.005154370802311657,253,0,364,0.0228310502283105,0,253,0
0.5867768595041322,119,0.002655281928463581,255,0,197,0.03995433789954338,0,255,0
0.5884297520661157,592,0.012052897381163118,249,0,477,0.05707762557077625,0,249,0
0.5900826446280991,479,0.00294163586192534,251,0,404,0.09703196347031963,0,251,0
0.5917355371900826,129,0.012313219138855627,243,0,572,0.07191780821917808,0,243,0
0.5933884297520661,538,0.002837507158848337,248,0,423,0.01141552511415525,0,248,0
0.5950413223140496,27,0.0034883115530796064,246,0,226,0.0136986301369863,0,246,0
0.596694214876033,251,0.017311396886551776,235,0,456,0.05821917808219178,0,235,0
0.5983471074380166,208,0.0033841828500026034,245,0,20,0.007990867579908675,0,245,0
0.6,366,0.001900348831155308,247,0,474,0.005707762557077625,0,247,0
0.6016528925619835,207,0.004321341177695632,241,0,389,0.028538812785388126,0,241,0
0.6033057851239669,570,0.00590930389961993,238,0,160,0.026255707762557076,0,238,0
0.6049586776859504,594,0.00588327172385068,237,0,470,0.03881278538812785,0,237,0
0.6066115702479339,216,0.09585047118238142,227,0,341,0.1495433789954338,0,227,0
0.6082644628099173,555,0.0015879627219242986,244,0,373,0.00684931506849315,0,244,0
0.6099173553719008,105,0.03813713750195242,233,0,487,0.13356164383561642,0,233,0
0.6115702479338843,146,0.004347373353464882,236,0,365,0.010273972602739725,0,236,0
0.6132231404958678,72,0.0019524131826938098,242,0,302,0.01598173515981735,0,242,0
0.6148760330578512,54,0.12344457749778727,220,0,97,0.4155251141552511,0,220,0
0.6165289256198347,572,0.026396626230020304,223,0,230,0.0730593607305936,0,223,0
0.6181818181818182,445,0.016530431613474252,224,0,342,0.0502283105022831,0,224,0
0.6198347107438016,577,0.0006508043942312699,240,0,220,0.005707762557077625,0,240,0
0.6214876033057851,179,0.004373405529234133,234,0,62,0.01141552511415525,0,234,0
0.6231404958677685,492,0.005180402978080908,231,0,288,0.014840182648401826,0,231,0
0.6247933884297521,58,0.004998177747696153,230,0,154,0.005707762557077625,0,230,0
0.6264462809917355,433,0.00393085854115687,225,0,454,0.0136986301369863,0,225,0
0.628099173553719,334,0.004399437705003384,222,0,307,0.03881278538812785,0,222,0
0.6297520661157024,379,0.0016139948976935494,232,0,282,0.0091324200913242,0,232,0
0.631404958677686,181,0.0022127349403863175,229,0,340,0.01141552511415525,0,229,0
0.6330578512396694,331,0.002030509710001562,228,0,523,0.014840182648401826,0,228,0
0.6347107438016528,91,0.10943926693393034,209,0,152,0.3036529680365297,0,209,0
0.6363636363636364,13,0.00395689071692612,221,0,187,0.01598173515981735,0,221,0
0.6380165289256198,261,0.0870255635966054,210,0,459,0.639269406392694,0,210,0
0.6396694214876033,43,0.007341073566928724,219,0,157,0.012557077625570776,0,219,0
0.6413223140495867,188,0.005024209923465403,216,0,285,0.0273972602739726,0,216,0
0.6429752066115703,517,0.004633727286926641,217,0,137,0.026255707762557076,0,217,0
0.6446280991735537,382,0.02551153225386578,212,0,95,0.09817351598173515,0,212,0
0.6462809917355372,223,0.0003644504607695112,226,0,577,0.0,0,226,0
0.6479338842975206,145,0.0063518508876971936,215,0,385,0.012557077625570776,0,215,0
0.6495867768595042,505,0.0021086062373093144,218,0,103,0.014840182648401826,0,218,0
0.6512396694214876,370,0.0071328161607747175,211,0,113,0.023972602739726026,0,211,0
0.652892561983471,45,0.02061748320924663,205,0,443,0.13013698630136988,0,205,0
0.6545454545454545,404,0.0020044775342323113,213,0,562,0.003424657534246575,0,213,0
0.656198347107438,498,0.0031498932680793464,208,0,545,0.010273972602739725,0,208,0
0.6578512396694215,184,0.0010412870307700318,214,0,303,0.00684931506849315,0,214,0
0.6595041322314049,588,0.007002655281928463,207,0,402,0.030821917808219176,0,207,0
0.6611570247933884,265,0.12537095850471183,188,0,324,0.295662100456621,0,188,0
0.6628099173553719,494,0.02428801999271099,201,0,597,0.13013698630136988,0,201,0
0.6644628099173554,134,0.011506221690008853,197,0,161,0.0639269406392694,0,197,0
0.6661157024793388,121,0.024756599156557504,193,0,239,0.1278538812785388,0,193,0
0.6677685950413222,312,0.003045764565002343,204,0,382,0.010273972602739725,0,204,0
0.6694214876033058,580,0.0180402978080908,192,0,19,0.07191780821917808,0,192,0
0.6710743801652892,485,0.004607695111157391,199,0,16,0.014840182648401826,0,199,0
0.6727272727272727,587,0.005831207372312178,196,0,141,0.010273972602739725,0,196,0
0.6743801652892562,598,0.00947571198000729,195,0,185,0.01598173515981735,0,195,0
0.6760330578512397,497,0.0008330296246160255,206,0,541,0.001141552511415525,0,206,0
0.6776859504132231,405,0.018248555214244806,187,0,351,0.08447488584474885,0,187,0
0.6793388429752066,375,0.012990055708856148,186,0,272,0.06164383561643835,0,186,0
0.6809917355371901,79,0.06000416514812309,182,0,595,0.4155251141552511,0,182,0
0.6826446280991736,583,0.001796220128078305,200,0,270,0.014840182648401826,0,200,0
0.684297520661157,241,0.00494611339615765,190,0,87,0.06506849315068493,0,190,0
0.6859504132231404,209,0.0009371583276930286,202,0,314,0.00684931506849315,0,202,0
0.687603305785124,38,0.0014317696673087938,198,0,126,0.00684931506849315,0,198,0
0.6892561983471074,199,0.00039048263653876196,203,0,262,0.0,0,203,0
0.6909090909090909,512,1.0,171,0,15,0.9623287671232876,0,171,0
0.6925619834710743,234,0.017337429062321028,183,0,357,0.05136986301369863,0,183,0
0.6942148760330579,562,0.030561774353100434,181,0,228,0.2009132420091324,0,181,0
0.6958677685950413,470,0.0016400270734628001,194,0,59,0.0228310502283105,0,194,0
0.6975206611570248,402,0.0034883115530796064,184,0,107,0.003424657534246575,0,184,0
0.6991735537190082,408,0.0031238610923100957,185,0,25,0.019406392694063926,0,185,0
0.7008264462809917,372,0.0011974800853855366,191,0,433,0.0136986301369863,0,191,0
0.7024793388429752,161,0.0010673192065392826,189,0,151,0.00684931506849315,0,189,0
0.7041322314049586,98,0.10043213411776956,163,0,355,0.3036529680365297,0,163,0
0.7057851239669422,576,0.00786171708231374,177,0,189,0.05365296803652968,0,177,0
0.7074380165289256,34,0.0036445046076951115,178,0,372,0.15182648401826482,0,178,0
0.7090909090909091,387,0.0029676680376945906,180,0,69,0.0182648401826484,0,180,0
0.7107438016528925,214,0.005727078669235174,173,0,566,0.09703196347031963,0,173,0
0.7123966942148761,398,0.008668714531160516,170,0,275,0.026255707762557076,0,170,0
0.7140495867768595,189,0.0028895715103868383,175,0,78,0.0091324200913242,0,175,0
0.715702479338843,389,0.0011974800853855366,179,0,273,0.0136986301369863,0,179,0
0.7173553719008264,392,0.005414692560004165,165,0,399,0.02054794520547945,0,165,0
0.7190082644628099,111,0.0011974800853855366,176,0,127,0.0091324200913242,0,176,0
0.7206611570247934,510,0.06646014473889728,159,0,202,0.1872146118721461,0,159,0
0.7223140495867768,300,0.0196803248815536,160,0,591,0.12557077625570778,0,160,0
0.7239669421487603,347,0.0007289009215390223,174,0,534,0.007990867579908675,0,174,0
0.7256198347107438,465,0.0014838340188472953,169,0,291,0.010273972602739725,0,169,0
0.7272727272727273,1,0.0015879627219242986,168,0,352,0.019406392694063926,0,168,0
0.7289256198347107,224,0.0014578018430780445,167,0,483,0.001141552511415525,0,167,0
0.7305785123966942,107,0.0783047847139064,157,0,246,0.273972602739726,0,157,0
0.7322314049586777,340,0.0016920914250013017,164,0,358,0.01141552511415525,0,164,0
0.7338842975206611,142,0.0011193835580777843,166,0,504,0.003424657534246575,0,166,0
0.7355371900826446,180,0.0005466756911542668,172,0,252,0.0091324200913242,0,172,0
0.737190082644628,275,0.0020825740615400636,162,0,547,0.01141552511415525,0,162,0
0.7388429752066116,579,0.011740511271932109,158,0,555,0.023972602739726026,13,158,0
0.740495867768595,412,0.12263758004894049,153,0,556,0.1004566210045662,0,153,0
0.7421487603305785,368,0.0011714479096162859,161,0,421,0.005707762557077625,0,161,0
0.743801652892562,422,0.06739730306659031,151,0,293,0.2134703196347032,0,151,0
0.7454545454545455,332,0.0032540219711563495,156,0,386,0.028538812785388126,0,156,0
0.7471074380165289,284,0.06916749101889937,144,0,286,0.1358447488584475,0,144,0
0.7487603305785123,364,0.0022387671161555683,155,0,431,0.010273972602739725,0,155,0
0.7504132231404959,128,0.040401936793877234,145,0,33,0.08333333333333333,0,145,0
0.7520661157024793,377,0.002134638413078565,154,0,292,0.0091324200913242,0,154,0
0.7537190082644628,515,0.007497266621544229,150,0,450,0.019406392694063926,1,150,0
0.7553719008264462,294,0.006325818711927943,148,0,255,0.05136986301369863,0,148,0
0.7570247933884298,49,0.0019263810069245588,152,0,521,0.0182648401826484,0,152,0
0.7586776859504132,306,0.007315041391159473,146,0,93,0.012557077625570776,0,146,0
0.7603305785123967,578,0.0022127349403863175,147,0,256,0.0091324200913242,0,147,0
0.7619834710743801,411,0.0011454157338470351,149,0,277,0.0045662100456621,0,149,0
0.7636363636363637,147,0.008226167543083251,140,0,227,0.014840182648401826,0,140,0
0.7652892561983471,418,0.1176654344770136,133,0,129,0.091324200913242,0,133,0
0.7669421487603305,193,0.03077003175925444,138,0,235,0.20662100456621002,0,138,0
0.768595041322314,459,0.003514343728848857,141,0,574,0.02054794520547945,0,141,0
0.7702479338842975,358,0.003045764565002343,142,0,524,0.02511415525114155,0,142,0
0.771900826446281,151,0.0019524131826938098,143,0,162,0.003424657534246575,0,143,0
0.7735537190082644,11,0.026058207945020045,134,0,401,0.25,0,134,0
0.775206611570248,597,0.012625605248086636,137,0,520,0.07990867579908675,0,137,0
0.7768595041322314,259,0.006039464778466184,139,0,75,0.04223744292237443,0,139,0
0.7785123966942149,526,0.18800437340552925,124,0,559,0.24771689497716892,0,124,0
0.7801652892561983,482,0.03623678867079711,129,0,276,0.10616438356164383,0,129,0
0.7818181818181817,427,0.003696568959233613,135,0,43,0.00684931506849315,0,135,0
0.7834710743801653,59,0.019211745717707087,127,0,7,0.06963470319634703,0,127,0
0.7851239669421487,589,0.30205133545061696,116,0,287,0.5376712328767123,0,116,0
0.7867768595041322,123,0.005779143020773676,130,0,191,0.026255707762557076,0,130,0
0.7884297520661157,487,0.004373405529234133,131,0,172,0.026255707762557076,0,131,0
0.7900826446280992,229,0.0007289009215390223,136,0,44,0.00684931506849315,0,136,0
0.7917355371900826,432,0.0019263810069245588,132,0,345,0.005707762557077625,0,132,0
0.7933884297520661,500,0.005492789087311918,125,0,408,0.028538812785388126,0,125,0
0.7950413223140496,571,0.012781798302702142,122,0,332,0.0547945205479452,0,122,0
0.7966942148760331,270,0.0029937002134638414,126,0,164,0.05365296803652968,0,126,0
0.7983471074380165,102,0.0017441557765398032,128,0,173,0.0045662100456621,0,128,0
0.7999999999999999,318,0.00853855365231426,120,0,356,0.05365296803652968,0,120,0
0.8016528925619835,532,0.05753110845004426,108,0,603,0.3105022831050228,0,108,0
0.8033057851239669,225,0.0036445046076951115,118,0,266,0.014840182648401826,0,118,0
0.8049586776859504,456,0.020513354506169625,109,0,124,0.0273972602739726,3,109,0
0.8066115702479338,301,0.0031238610923100957,119,0,205,0.014840182648401826,0,119,0
0.8082644628099174,397,0.0011974800853855366,123,0,311,0.003424657534246575,0,123,0
0.8099173553719008,157,0.0017701879523090542,121,0,203,0.010273972602739725,0,121,0
0.8115702479338843,460,0.007106783985005467,114,0,115,0.03995433789954338,0,114,0
0.8132231404958677,243,0.006482011766543448,112,0,499,0.02511415525114155,0,112,0
0.8148760330578512,154,0.003514343728848857,115,0,571,0.012557077625570776,0,115,0
0.8165289256198347,552,0.11355235070547197,103,0,417,0.2454337899543379,0,103,0
0.8181818181818181,337,0.0010412870307700318,117,0,241,0.0045662100456621,0,117,0
0.8198347107438017,170,0.02725568803040558,105,0,254,0.05136986301369863,0,105,0
0.8214876033057851,416,0.0032279897953870988,113,0,56,0.02054794520547945,0,113,0
0.8231404958677686,0,0.007184880512313219,107,0,244,0.0182648401826484,0,107,0
0.824793388429752,203,0.003201957619617848,110,0,599,0.0182648401826484,0,110,0
0.8264462809917356,230,0.07192690165043994,102,0,451,0.319634703196347,0,102,0
0.828099173553719,536,0.001405737491539543,111,0,242,0.02054794520547945,0,111,0
0.8297520661157025,561,0.0020825740615400636,106,0,248,0.021689497716894976,0,106,0
0.8314049586776859,447,0.0312125787473317,99,0,224,0.14269406392694062,0,99,0
0.8330578512396694,335,0.007965845785390745,104,0,233,0.0319634703196347,0,104,0
0.8347107438016529,61,0.03365960326964128,92,0,455,0.0639269406392694,0,92,0
0.8363636363636363,440,0.01043890248346957,95,0,514,0.026255707762557076,0,95,0
0.8380165289256198,118,0.03079606393502369,91,0,34,0.136986301369863,0,91,0
0.8396694214876033,388,0.008642682355391264,93,0,182,0.04452054794520548,0,93,0
0.8413223140495868,67,0.0022387671161555683,101,0,387,0.007990867579908675,0,101,0
0.8429752066115702,22,0.0018222523038475557,100,0,527,0.007990867579908675,0,100,0
0.8446280991735537,483,0.0025771854011558287,96,0,48,0.014840182648401826,0,96,0
0.8462809917355372,541,0.001535898370385797,97,0,537,0.0,0,97,0
0.8479338842975206,237,0.0009371583276930286,98,0,476,0.001141552511415525,0,98,0
0.8495867768595041,115,0.0012495444369240382,94,0,82,0.00228310502283105,0,94,0
0.8512396694214875,6,0.004373405529234133,90,0,379,0.030821917808219176,0,90,0
0.8528925619834711,373,0.03717394699849014,78,0,84,0.15639269406392692,0,78,0
0.8545454545454545,380,0.003800697662310616,87,0,260,0.019406392694063926,0,87,0
0.856198347107438,46,0.010386838131931067,83,0,206,0.0547945205479452,0,83,0
0.8578512396694215,531,0.018482844796168064,79,0,210,0.04223744292237443,0,79,0
0.859504132231405,511,0.0024730566980788256,86,0,165,0.003424657534246575,0,86,0
0.8611570247933884,566,0.001535898370385797,89,0,112,0.00228310502283105,0,89,0
0.8628099173553718,419,0.0018482844796168065,88,0,536,0.02054794520547945,0,88,0
0.8644628099173554,344,0.0027594106315405845,85,0,299,0.00228310502283105,0,85,0
0.8661157024793388,168,0.10105690633623159,75,0,446,0.3493150684931507,0,75,0
0.8677685950413223,48,0.004217212474618629,84,0,428,0.0045662100456621,0,84,0
0.8694214876033057,178,0.009970323319623055,81,0,362,0.0091324200913242,0,81,0
0.8710743801652893,258,0.004998177747696153,82,0,380,0.06506849315068493,0,82,0
0.8727272727272727,92,0.002030509710001562,80,0,139,0.023972602739726026,0,80,0
0.8743801652892562,159,0.22884885718748374,62,0,155,0.5125570776255707,0,62,0
0.8760330578512396,385,0.0030717967407715937,77,0,18,0.03995433789954338,0,77,0
0.8776859504132232,56,0.015801530691935232,70,0,72,0.06963470319634703,0,70,0
0.8793388429752066,60,0.03332118498464102,67,0,196,0.1187214611872146,0,67,0
0.88099173553719,303,0.003019732389233092,74,0,145,0.01598173515981735,0,74,0
0.8826446280991735,530,0.0019784453584630606,76,0,445,0.0365296803652968,0,76,0
0.884297520661157,322,0.03373769979694903,63,0,318,0.09474885844748858,0,63,0
0.8859504132231405,81,0.0014317696673087938,73,0,322,0.00228310502283105,0,73,0
0.8876033057851239,586,0.00395689071692612,72,0,213,0.014840182648401826,0,72,0
0.8892561983471075,436,0.002316863643463321,71,0,502,0.00684931506849315,0,71,0
0.8909090909090909,341,0.006013432602696933,66,0,350,0.0365296803652968,0,66,0
0.8925619834710744,174,0.0023428958192325718,69,0,167,0.003424657534246575,0,69,0
0.8942148760330578,248,0.005050242099234654,65,0,497,0.012557077625570776,0,65,0
0.8958677685950412,104,0.035325662518873334,57,0,280,0.08333333333333333,0,57,0
0.8975206611570248,311,0.004113083771541625,64,0,153,0.0091324200913242,0,64,0
0.8991735537190082,130,0.022804185973863696,60,0,109,0.03767123287671233,0,60,0
0.9008264462809917,191,0.1165460509189358,51,0,361,0.24771689497716892,0,51,0
0.9024793388429752,360,0.011037642526162338,61,0,539,0.0228310502283105,0,61,0
0.9041322314049587,474,0.0009892226792315303,68,0,131,0.003424657534246575,0,68,0
0.9057851239669421,310,0.011063674701931588,58,0,257,0.03424657534246575,0,58,0
0.9074380165289256,279,0.0053626282084656635,56,0,395,0.021689497716894976,0,56,0
0.9090909090909091,185,0.00426927682615713,55,0,439,0.023972602739726026,0,55,0
0.9107438016528926,291,0.016192013328473993,48,0,426,0.03881278538812785,0,48,0
0.912396694214876,42,0.0018743166553860573,59,0,558,0.0091324200913242,0,59,0
0.9140495867768594,520,0.07926797521736867,46,0,589,0.1735159817351598,0,46,0
0.915702479338843,346,0.0022908314676940702,54,0,370,0.00684931506849315,0,54,0
0.9173553719008264,120,0.0016920914250013017,53,0,374,0.007990867579908675,0,53,0
0.9190082644628099,47,0.003410215025771854,52,0,546,0.0182648401826484,0,52,0
0.9206611570247933,66,0.0049721455719269015,47,0,114,0.012557077625570776,0,47,0
0.9223140495867769,400,0.0022647992919248195,49,0,305,0.0136986301369863,0,49,0
0.9239669421487603,289,0.0015619305461550478,50,0,359,0.02054794520547945,0,50,0
0.9256198347107438,276,0.41742593845993653,32,0,215,0.5285388127853881,0,32,0
0.9272727272727272,73,0.015879627219242985,44,0,479,0.06050228310502283,0,44,0
0.9289256198347107,415,0.0033841828500026034,45,0,551,0.0136986301369863,0,45,0
0.9305785123966942,167,0.003696568959233613,42,0,65,0.0228310502283105,0,42,0
0.9322314049586776,222,0.003097828916540845,41,0,295,0.007990867579908675,0,41,0
0.9338842975206612,574,0.002655281928463581,40,0,96,0.0182648401826484,0,40,0
0.9355371900826446,395,0.004373405529234133,37,0,149,0.026255707762557076,0,37,0
0.9371900826446281,376,0.002525121049617327,38,0,304,0.0136986301369863,0,38,0
0.9388429752066115,314,0.07859113864736815,27,0,531,0.136986301369863,0,27,0
0.9404958677685951,550,0.0011974800853855366,43,0,493,0.003424657534246575,0,43,0
0.9421487603305785,87,0.001535898370385797,39,0,554,0.00684931506849315,0,39,0
0.943801652892562,94,0.006429947415004946,31,0,518,0.02968036529680365,0,31,0
0.9454545454545454,355,0.0019784453584630606,36,0,70,0.0228310502283105,0,36,0
0.9471074380165289,473,0.0021867027646170667,34,0,296,0.021689497716894976,0,34,0
0.9487603305785124,509,0.0015879627219242986,35,0,199,0.00684931506849315,0,35,0
0.9504132231404958,472,0.0031498932680793464,30,0,21,0.021689497716894976,0,30,0
0.9520661157024793,293,0.029103972510022388,25,0,542,0.1678082191780822,0,25,0
0.9537190082644628,506,0.0007289009215390223,33,0,510,0.00228310502283105,0,33,0
0.9553719008264463,325,0.0027594106315405845,29,0,538,0.0182648401826484,0,29,0
0.9570247933884297,63,0.00525849950538866,28,0,221,0.0319634703196347,0,28,0
0.9586776859504132,407,0.02561566095694278,23,0,142,0.1187214611872146,0,23,0
0.9603305785123967,307,0.002134638413078565,26,0,181,0.017123287671232876,0,26,0
0.9619834710743801,423,0.003696568959233613,24,0,472,0.017123287671232876,0,24,0
0.9636363636363636,266,0.004685791638465143,22,0,334,0.033105022831050226,0,22,0
0.965289256198347,8,0.00458166293538814,21,0,449,0.0319634703196347,0,21,0
0.9669421487603306,521,0.09775082001353673,14,0,397,0.09703196347031963,0,14,0
0.968595041322314,69,0.1869110220232207,10,0,393,0.4908675799086758,0,10,0
0.9702479338842975,327,0.010152548550007811,20,0,166,0.06963470319634703,0,20,0
0.971900826446281,253,0.03155099703233197,16,0,195,0.0684931506849315,0,16,0
0.9735537190082645,338,0.004607695111157391,19,0,410,0.012557077625570776,0,19,0
0.9752066115702479,201,0.007158848336543969,18,0,176,0.0228310502283105,0,18,0
0.9768595041322313,573,0.10613318061123549,7,0,168,0.4737442922374429,0,7,0
0.9785123966942149,518,0.024990888738480762,13,0,475,0.10844748858447488,0,13,0
0.9801652892561983,127,0.0196803248815536,9,0,10,0.06506849315068493,0,9,0
0.9818181818181818,556,0.015905659395012234,8,0,500,0.0593607305936073,0,8,0
0.9834710743801652,171,0.006429947415004946,12,0,320,0.02054794520547945,0,12,0
0.9851239669421488,218,0.0019524131826938098,17,0,148,0.02968036529680365,0,17,0
0.9867768595041322,90,0.0023949601707710733,15,0,143,0.00684931506849315,0,15,0
0.9884297520661157,391,0.002030509710001562,11,0,406,0.017123287671232876,0,11,0
0.9900826446280991,522,0.11641589004008955,2,0,150,0.37557077625570773,0,2,0
0.9917355371900827,599,0.025641693132712032,4,0,46,0.06278538812785388,0,4,0
0.9933884297520661,30,0.20138491175092416,0,0,45,0.4098173515981735,0,0,0
0.9950413223140495,175,0.026396626230020304,1,0,503,0.05593607305936073,0,1,0
0.996694214876033,333,0.003436247201541105,5,0,429,0.007990867579908675,0,5,0
0.9983471074380165,100,0.0018743166553860573,6,0,261,0.0045662100456621,0,6,0
1.0,136,0.0023689279950018225,3,0,438,0.00684931506849315,0,3,0
